1,127.0.0.1,2021-01-29 06:37:53.196814,toor,S,"('PostmanRuntime/7.26.8',)"
2,2401:4900:360e:da0:de6d:4a1d:fb11:2dde,2021-01-29 06:41:11.689400,toor,S,"('Dart/2.10 (dart:io)',)"
3,49.36.159.254,2021-01-29 12:15:50.374445,AnonymousUser,F,"('PostmanRuntime/7.26.8',)"
4,223.182.204.217,2021-01-30 02:42:50.797845,toor,S,"('PostmanRuntime/7.26.8',)"
5,2402:3a80:19a7:6e40:b9c0:c168:97c:aebe,2021-01-30 04:59:04.533991,toor,S,"('Dart/2.10 (dart:io)',)"
6,42.110.178.110,2021-01-30 05:00:01.436832,toor,S,"('Dart/2.10 (dart:io)',)"
7,2402:3a80:19a7:6e40:b9c0:c168:97c:aebe,2021-01-30 05:05:20.218809,toor,S,"('Dart/2.10 (dart:io)',)"
8,2402:3a80:19a7:6e40:b9c0:c168:97c:aebe,2021-01-30 05:07:37.023915,toor,S,"('Dart/2.10 (dart:io)',)"
9,49.36.153.128,2021-01-30 05:50:09.129013,AnonymousUser,F,"('PostmanRuntime/7.26.8',)"
10,49.36.153.128,2021-01-30 05:52:10.518112,toor,S,"('PostmanRuntime/7.26.8',)"
11,49.36.153.128,2021-01-30 06:56:32.328099,toor,S,"('PostmanRuntime/7.26.8',)"
12,127.0.0.1,2021-01-30 07:16:21.157991,toor,S,"('PostmanRuntime/7.26.8',)"
13,2402:3a80:19a7:6e40:b9c0:c168:97c:aebe,2021-01-30 13:43:06.843009,toor,S,"('Dart/2.10 (dart:io)',)"
14,223.182.204.217,2021-01-30 14:52:24.181729,toor,S,"('PostmanRuntime/7.26.8',)"
15,42.110.179.56,2021-01-30 16:38:34.380556,toor,S,"('Dart/2.10 (dart:io)',)"
16,2402:3a80:440:d1e7:2ab:e8c3:f549:5fe7,2021-01-31 03:52:13.215901,toor,S,"('Dart/2.10 (dart:io)',)"
17,2401:4900:4dd5:315:7358:d140:fa7f:e69a,2021-01-31 13:01:06.103757,toor,S,"('Dart/2.10 (dart:io)',)"
18,2401:4900:4dd5:315:7358:d140:fa7f:e69a,2021-01-31 13:51:20.006906,AnonymousUser,F,"('Dart/2.10 (dart:io)',)"
19,2401:4900:4dd5:315:7358:d140:fa7f:e69a,2021-01-31 13:52:27.783005,AnonymousUser,F,"('Dart/2.10 (dart:io)',)"
20,2401:4900:4dd5:315:7358:d140:fa7f:e69a,2021-01-31 13:52:50.876339,toor,S,"('Dart/2.10 (dart:io)',)"
21,2401:4900:4dd5:315:7358:d140:fa7f:e69a,2021-01-31 13:54:32.466498,toor,S,"('Dart/2.10 (dart:io)',)"
22,49.207.142.250,2021-01-31 14:05:57.148886,toor,S,"('Dart/2.10 (dart:io)',)"
23,2409:4064:209e:e872::9c6:38b1,2021-01-31 14:07:46.917133,AnonymousUser,F,"('Dart/2.10 (dart:io)',)"
24,2409:4064:209e:e872::9c6:38b1,2021-01-31 14:07:53.044204,AnonymousUser,F,"('Dart/2.10 (dart:io)',)"
25,2409:4064:209e:e872::9c6:38b1,2021-01-31 14:10:27.494636,toor,S,"('Dart/2.10 (dart:io)',)"
26,2405:201:5500:556f:797a:c37c:9974:7b05,2021-01-31 14:21:34.508510,toor,S,"('Dart/2.10 (dart:io)',)"
27,2401:4900:4dd5:315:7358:d140:fa7f:e69a,2021-01-31 14:22:41.631379,toor,S,"('Dart/2.10 (dart:io)',)"
28,127.0.0.1,2021-01-31 14:31:15.029636,toor,S,"('PostmanRuntime/7.26.8',)"
29,2409:4064:209e:e872::9c6:38b1,2021-01-31 14:41:52.713983,toor,S,"('Dart/2.10 (dart:io)',)"
30,2405:201:5500:556f:797a:c37c:9974:7b05,2021-01-31 14:42:40.765532,toor,S,"('Dart/2.10 (dart:io)',)"
31,2409:4064:209e:e872::9c6:38b1,2021-01-31 14:42:54.260615,AnonymousUser,F,"('Dart/2.10 (dart:io)',)"
32,2409:4064:209e:e872::9c6:38b1,2021-01-31 14:42:59.318603,AnonymousUser,F,"('Dart/2.10 (dart:io)',)"
33,2409:4064:209e:e872::9c6:38b1,2021-01-31 14:43:06.010168,AnonymousUser,F,"('Dart/2.10 (dart:io)',)"
34,2409:4064:209e:e872::9c6:38b1,2021-01-31 14:43:20.496600,toor,S,"('Dart/2.10 (dart:io)',)"
35,2405:201:5500:556f:797a:c37c:9974:7b05,2021-01-31 14:43:22.519164,admin,S,"('Dart/2.10 (dart:io)',)"
36,2401:4900:4dd5:315:7358:d140:fa7f:e69a,2021-01-31 14:43:40.190261,admin,S,"('Dart/2.10 (dart:io)',)"
37,2409:4064:209e:e872::9c6:38b1,2021-01-31 14:44:46.533428,admin,S,"('Dart/2.10 (dart:io)',)"
38,49.207.142.250,2021-01-31 14:45:11.646499,AnonymousUser,F,"('Dart/2.10 (dart:io)',)"
39,49.207.142.250,2021-01-31 14:45:15.519663,admin,S,"('Dart/2.10 (dart:io)',)"
40,2405:201:5500:556f:797a:c37c:9974:7b05,2021-01-31 14:45:25.889381,admin,S,"('Dart/2.10 (dart:io)',)"
41,49.207.142.250,2021-01-31 14:51:48.262178,toor,S,"('Dart/2.10 (dart:io)',)"
42,2409:4064:209e:e872::9c6:38b1,2021-01-31 14:52:30.615854,toor,S,"('Dart/2.10 (dart:io)',)"
43,49.207.142.250,2021-01-31 23:57:58.448944,toor,S,"('Dart/2.10 (dart:io)',)"
44,2401:4900:1730:78b8:6cad:6b3c:ea43:91f9,2021-02-01 00:03:14.516415,toor,S,"('Dart/2.10 (dart:io)',)"
45,2401:4900:1730:78b8:6cad:6b3c:ea43:91f9,2021-02-01 00:05:56.568773,toor,S,"('Dart/2.10 (dart:io)',)"
46,49.207.142.250,2021-02-01 00:23:59.851755,toor,S,"('Dart/2.10 (dart:io)',)"
47,2401:4900:4a90:2553:3257:f79d:279d:ce2d,2021-02-01 04:29:14.964800,toor,S,"('Dart/2.10 (dart:io)',)"
48,2401:4900:4a90:2553:3257:f79d:279d:ce2d,2021-02-01 04:46:04.880924,toor,S,"('Dart/2.10 (dart:io)',)"
49,2409:4064:209e:e872::9c6:38b1,2021-02-01 04:59:25.011491,toor,S,"('Dart/2.10 (dart:io)',)"
50,2401:4900:4a90:2553:3257:f79d:279d:ce2d,2021-02-01 05:43:48.163948,toor,S,"('Dart/2.10 (dart:io)',)"
51,2409:4064:296:fcb1::992:50b1,2021-02-01 05:52:54.259862,toor,S,"('Dart/2.10 (dart:io)',)"
52,49.207.142.250,2021-02-01 05:55:46.837378,AnonymousUser,F,"('Dart/2.10 (dart:io)',)"
53,49.207.142.250,2021-02-01 05:55:55.703110,AnonymousUser,F,"('Dart/2.10 (dart:io)',)"
54,49.207.142.250,2021-02-01 05:56:03.272708,AnonymousUser,F,"('Dart/2.10 (dart:io)',)"
55,49.207.142.250,2021-02-01 05:56:11.547639,AnonymousUser,F,"('Dart/2.10 (dart:io)',)"
56,2409:4064:296:fcb1::992:50b1,2021-02-01 05:56:12.512564,AnonymousUser,F,"('Dart/2.10 (dart:io)',)"
57,49.207.142.250,2021-02-01 05:56:20.350029,sudha,S,"('Dart/2.10 (dart:io)',)"
58,49.207.142.250,2021-02-01 05:56:21.302426,sudha,S,"('Dart/2.10 (dart:io)',)"
59,49.207.142.250,2021-02-01 05:56:22.089661,sudha,S,"('Dart/2.10 (dart:io)',)"
60,2409:4064:296:fcb1::992:50b1,2021-02-01 05:56:25.304830,AnonymousUser,F,"('Dart/2.10 (dart:io)',)"
61,2409:4064:296:fcb1::992:50b1,2021-02-01 05:56:35.947602,vedsaga,S,"('Dart/2.10 (dart:io)',)"
62,127.0.0.1,2021-02-03 04:15:02.552569,toor,S,"('PostmanRuntime/7.26.8',)"
63,223.182.193.162,2021-02-03 05:41:59.881942,toor,S,"('PostmanRuntime/7.26.8',)"
64,2409:4064:913:d7e5::b8d:c8ad,2021-02-04 04:06:40.609709,toor,S,"('Dart/2.10 (dart:io)',)"
65,2409:4064:584:eb97::e8c:28ac,2021-02-04 04:18:16.423083,AnonymousUser,F,"('Dart/2.10 (dart:io)',)"
66,2409:4064:584:eb97::e8c:28ac,2021-02-04 04:18:22.952227,AnonymousUser,F,"('Dart/2.10 (dart:io)',)"
67,2409:4064:500:d17f::14d7:40b0,2021-02-04 04:20:56.871848,vedsaga,S,"('Dart/2.10 (dart:io)',)"
68,2409:4064:500:d17f::14d7:40b0,2021-02-04 04:20:58.810642,vedsaga,S,"('Dart/2.10 (dart:io)',)"
69,2409:4072:39d:e491:f4fc:5dff:5fc6:bf8f,2021-02-04 04:23:09.150710,AnonymousUser,F,"('Dart/2.10 (dart:io)',)"
70,2409:4072:39d:e491:f4fc:5dff:5fc6:bf8f,2021-02-04 04:23:13.428848,AnonymousUser,F,"('Dart/2.10 (dart:io)',)"
71,2409:4072:39d:e491:f4fc:5dff:5fc6:bf8f,2021-02-04 04:24:52.355491,AnonymousUser,F,"('Dart/2.10 (dart:io)',)"
72,2409:4072:39d:e491:f4fc:5dff:5fc6:bf8f,2021-02-04 04:25:22.103483,AnonymousUser,F,"('Dart/2.10 (dart:io)',)"
73,2409:4072:39d:e491:f4fc:5dff:5fc6:bf8f,2021-02-04 04:25:25.210575,AnonymousUser,F,"('Dart/2.10 (dart:io)',)"
74,2409:4072:39d:e491:f4fc:5dff:5fc6:bf8f,2021-02-04 06:21:59.756233,toor,S,"('Dart/2.10 (dart:io)',)"
75,2409:4064:500:d17f::14d7:40b0,2021-02-04 06:23:15.200244,toor,S,"('Dart/2.10 (dart:io)',)"
76,2409:4072:39d:e491:f4fc:5dff:5fc6:bf8f,2021-02-04 06:32:24.274472,toor,S,"('Dart/2.10 (dart:io)',)"
77,127.0.0.1,2021-02-05 04:22:10.336351,AnonymousUser,F,"('PostmanRuntime/7.26.8',)"
78,127.0.0.1,2021-02-05 04:22:13.509550,toor,S,"('PostmanRuntime/7.26.8',)"
79,127.0.0.1,2021-02-05 04:22:17.161551,AnonymousUser,F,"('PostmanRuntime/7.26.8',)"
80,49.36.157.127,2021-02-06 09:51:21.673526,root,S,"('PostmanRuntime/7.26.8',)"
81,49.36.157.127,2021-02-06 10:02:06.056829,AnonymousUser,F,"('PostmanRuntime/7.26.8',)"
82,49.36.157.127,2021-02-06 10:02:13.579834,root,S,"('PostmanRuntime/7.26.8',)"
83,49.36.157.127,2021-02-06 10:07:17.253005,root,S,"('PostmanRuntime/7.26.8',)"
84,49.36.157.127,2021-02-06 10:15:22.997278,root,S,"('PostmanRuntime/7.26.8',)"
85,49.36.157.127,2021-02-06 10:24:58.806488,root,S,"('PostmanRuntime/7.26.8',)"
86,2401:4900:3606:40d2:aac0:fd4e:fa8:5e0,2021-02-06 10:34:56.024721,toor,S,"('Dart/2.10 (dart:io)',)"
87,2401:4900:3606:40d2:aac0:fd4e:fa8:5e0,2021-02-06 10:57:06.891509,toor,S,"('Dart/2.10 (dart:io)',)"
88,2401:4900:3606:40d2:aac0:fd4e:fa8:5e0,2021-02-06 11:06:01.640903,toor,S,"('Dart/2.10 (dart:io)',)"
89,106.198.28.150,2021-02-06 11:08:31.146205,toor,S,"('Dart/2.10 (dart:io)',)"
90,2401:4900:3606:40d2:aac0:fd4e:fa8:5e0,2021-02-06 11:43:11.610348,toor,S,"('Dart/2.10 (dart:io)',)"
91,2401:4900:4dd0:2a5a:5406:aa96:639:d9e3,2021-02-06 13:48:42.255536,toor,S,"('Dart/2.10 (dart:io)',)"
92,2401:4900:4dd0:2a5a:5406:aa96:639:d9e3,2021-02-06 13:51:57.955098,toor,S,"('Dart/2.10 (dart:io)',)"
93,2401:4900:4dd0:2a5a:5406:aa96:639:d9e3,2021-02-06 17:06:02.693453,toor,S,"('Dart/2.10 (dart:io)',)"
94,2401:4900:4dd0:2a5a:5406:aa96:639:d9e3,2021-02-06 17:25:33.915570,toor,S,"('Dart/2.10 (dart:io)',)"
95,2401:4900:4dd0:2a5a:5406:aa96:639:d9e3,2021-02-06 17:27:46.315685,toor,S,"('Dart/2.10 (dart:io)',)"
96,2401:4900:4dd0:2a5a:5406:aa96:639:d9e3,2021-02-06 17:40:00.521166,toor,S,"('Dart/2.10 (dart:io)',)"
97,2401:4900:4dd0:2a5a:5406:aa96:639:d9e3,2021-02-06 18:18:27.304384,AnonymousUser,F,"('Dart/2.10 (dart:io)',)"
98,2401:4900:4dd0:2a5a:5406:aa96:639:d9e3,2021-02-06 18:18:41.718429,AnonymousUser,F,"('Dart/2.10 (dart:io)',)"
99,2401:4900:4dd0:2a5a:2ac8:7450:1e:8f70,2021-02-06 18:23:01.649710,AnonymousUser,F,"('Dart/2.10 (dart:io)',)"
100,2401:4900:4dd0:2a5a:2ac8:7450:1e:8f70,2021-02-06 18:23:02.696678,AnonymousUser,F,"('Dart/2.10 (dart:io)',)"
101,2401:4900:4dd0:2a5a:2ac8:7450:1e:8f70,2021-02-06 18:23:03.682967,AnonymousUser,F,"('Dart/2.10 (dart:io)',)"
102,2401:4900:4dd0:2a5a:2ac8:7450:1e:8f70,2021-02-06 18:23:05.822032,AnonymousUser,F,"('Dart/2.10 (dart:io)',)"
103,2401:4900:4dd0:2a5a:2ac8:7450:1e:8f70,2021-02-06 18:23:06.835925,AnonymousUser,F,"('Dart/2.10 (dart:io)',)"
104,2401:4900:4dd0:2a5a:2ac8:7450:1e:8f70,2021-02-06 18:28:54.406819,toor,S,"('Dart/2.10 (dart:io)',)"
105,2401:4900:4dd0:2a5a:2ac8:7450:1e:8f70,2021-02-06 18:31:21.534156,AnonymousUser,F,"('Dart/2.10 (dart:io)',)"
106,2401:4900:4dd0:2a5a:2ac8:7450:1e:8f70,2021-02-06 18:31:29.163026,AnonymousUser,F,"('Dart/2.10 (dart:io)',)"
107,2401:4900:4dd0:2a5a:2ac8:7450:1e:8f70,2021-02-06 18:32:09.805333,AnonymousUser,F,"('Dart/2.10 (dart:io)',)"
108,2401:4900:4dd0:2a5a:2ac8:7450:1e:8f70,2021-02-06 18:32:40.269517,AnonymousUser,F,"('Dart/2.10 (dart:io)',)"
109,2401:4900:4dd0:2a5a:2ac8:7450:1e:8f70,2021-02-06 18:33:09.391820,AnonymousUser,F,"('Dart/2.10 (dart:io)',)"
110,2401:4900:4dd0:2a5a:2ac8:7450:1e:8f70,2021-02-06 18:33:20.835431,AnonymousUser,F,"('Dart/2.10 (dart:io)',)"
111,2401:4900:4dd0:2a5a:2ac8:7450:1e:8f70,2021-02-06 18:33:35.332118,AnonymousUser,F,"('Dart/2.10 (dart:io)',)"
112,2401:4900:4dd0:2a5a:2ac8:7450:1e:8f70,2021-02-06 18:42:59.463096,AnonymousUser,F,"('Dart/2.10 (dart:io)',)"
113,2401:4900:4dd0:2a5a:2ac8:7450:1e:8f70,2021-02-06 18:43:01.662535,AnonymousUser,F,"('Dart/2.10 (dart:io)',)"
114,2401:4900:4dd0:2a5a:2ac8:7450:1e:8f70,2021-02-06 18:43:02.809017,AnonymousUser,F,"('Dart/2.10 (dart:io)',)"
115,2401:4900:4dd0:2a5a:2ac8:7450:1e:8f70,2021-02-06 18:43:03.932138,AnonymousUser,F,"('Dart/2.10 (dart:io)',)"
116,2401:4900:4dd0:2a5a:2ac8:7450:1e:8f70,2021-02-06 18:43:04.978652,AnonymousUser,F,"('Dart/2.10 (dart:io)',)"
117,2401:4900:4dd0:2a5a:2ac8:7450:1e:8f70,2021-02-06 18:43:05.960321,AnonymousUser,F,"('Dart/2.10 (dart:io)',)"
118,2401:4900:4dd0:2a5a:2ac8:7450:1e:8f70,2021-02-06 18:43:06.961657,AnonymousUser,F,"('Dart/2.10 (dart:io)',)"
119,2401:4900:4dd0:2a5a:2ac8:7450:1e:8f70,2021-02-06 18:43:08.199217,AnonymousUser,F,"('Dart/2.10 (dart:io)',)"
120,2401:4900:4dd0:2a5a:2ac8:7450:1e:8f70,2021-02-06 18:43:09.502661,AnonymousUser,F,"('Dart/2.10 (dart:io)',)"
121,2401:4900:4dd0:2a5a:2ac8:7450:1e:8f70,2021-02-06 18:43:10.593188,AnonymousUser,F,"('Dart/2.10 (dart:io)',)"
122,2401:4900:4dd0:2a5a:2ac8:7450:1e:8f70,2021-02-06 18:43:11.667424,AnonymousUser,F,"('Dart/2.10 (dart:io)',)"
123,2401:4900:4dd0:2a5a:2ac8:7450:1e:8f70,2021-02-06 18:43:12.673495,AnonymousUser,F,"('Dart/2.10 (dart:io)',)"
124,2401:4900:4dd0:2a5a:2ac8:7450:1e:8f70,2021-02-06 18:43:13.902657,AnonymousUser,F,"('Dart/2.10 (dart:io)',)"
125,2401:4900:4dd0:2a5a:2ac8:7450:1e:8f70,2021-02-06 18:43:15.200724,AnonymousUser,F,"('Dart/2.10 (dart:io)',)"
126,2401:4900:4dd0:2a5a:2ac8:7450:1e:8f70,2021-02-06 18:43:55.068650,AnonymousUser,F,"('Dart/2.10 (dart:io)',)"
127,2401:4900:4dd0:2a5a:2ac8:7450:1e:8f70,2021-02-06 18:43:56.185041,AnonymousUser,F,"('Dart/2.10 (dart:io)',)"
128,2401:4900:4dd0:2a5a:2ac8:7450:1e:8f70,2021-02-06 18:43:57.191067,AnonymousUser,F,"('Dart/2.10 (dart:io)',)"
129,2401:4900:4dd0:2a5a:2ac8:7450:1e:8f70,2021-02-06 18:43:58.373659,AnonymousUser,F,"('Dart/2.10 (dart:io)',)"
130,2401:4900:4dd0:2a5a:2ac8:7450:1e:8f70,2021-02-06 18:43:59.382171,AnonymousUser,F,"('Dart/2.10 (dart:io)',)"
131,2401:4900:4dd0:2a5a:2ac8:7450:1e:8f70,2021-02-06 18:44:00.656548,AnonymousUser,F,"('Dart/2.10 (dart:io)',)"
132,2401:4900:4dd0:2a5a:2ac8:7450:1e:8f70,2021-02-06 18:44:01.918380,AnonymousUser,F,"('Dart/2.10 (dart:io)',)"
133,2401:4900:4dd0:2a5a:2ac8:7450:1e:8f70,2021-02-06 18:44:02.842660,AnonymousUser,F,"('Dart/2.10 (dart:io)',)"
134,2401:4900:4dd0:2a5a:2ac8:7450:1e:8f70,2021-02-06 18:44:03.826877,AnonymousUser,F,"('Dart/2.10 (dart:io)',)"
135,2401:4900:4dd0:2a5a:2ac8:7450:1e:8f70,2021-02-06 18:44:04.835453,AnonymousUser,F,"('Dart/2.10 (dart:io)',)"
136,2401:4900:4dd0:2a5a:2ac8:7450:1e:8f70,2021-02-06 18:44:05.779920,AnonymousUser,F,"('Dart/2.10 (dart:io)',)"
137,2401:4900:4dd0:2a5a:2ac8:7450:1e:8f70,2021-02-06 18:44:07.076100,AnonymousUser,F,"('Dart/2.10 (dart:io)',)"
138,2401:4900:4dd0:2a5a:2ac8:7450:1e:8f70,2021-02-06 18:45:23.511024,AnonymousUser,F,"('Dart/2.10 (dart:io)',)"
139,2401:4900:4dd0:2a5a:2ac8:7450:1e:8f70,2021-02-06 18:45:25.948943,AnonymousUser,F,"('Dart/2.10 (dart:io)',)"
140,2401:4900:4dd0:2a5a:2ac8:7450:1e:8f70,2021-02-06 18:45:27.593598,AnonymousUser,F,"('Dart/2.10 (dart:io)',)"
141,2401:4900:4dd0:2a5a:2ac8:7450:1e:8f70,2021-02-06 18:45:28.650892,AnonymousUser,F,"('Dart/2.10 (dart:io)',)"
142,2401:4900:4dd0:2a5a:2ac8:7450:1e:8f70,2021-02-06 18:45:29.681459,AnonymousUser,F,"('Dart/2.10 (dart:io)',)"
143,2401:4900:4dd0:2a5a:2ac8:7450:1e:8f70,2021-02-06 18:45:36.502680,AnonymousUser,F,"('Dart/2.10 (dart:io)',)"
144,2401:4900:4dd0:2a5a:2ac8:7450:1e:8f70,2021-02-06 18:45:54.811775,AnonymousUser,F,"('Dart/2.10 (dart:io)',)"
